event_ticker,observed_at_utc,agent,source_name,source_type,confidence,fact,source_url,hydration_status
KXWCGAME-26JUN11KORCZE,2026-06-11T18:00:00Z,news,mock historical sports feed,analytics_provider,0.70,Fixture hydrated by mock historical feed for Korea Republic vs Czechia.,local://mock-historical-sports-feed/world-cup-2026,mock_seeded_not_official
KXWCGAME-26JUN11KORCZE,2026-06-11T18:00:00Z,weather,mock historical sports feed,analytics_provider,0.70,"Mock pre-match weather snapshot: playable conditions, no severe weather flag.",local://mock-historical-sports-feed/world-cup-2026,mock_seeded_not_official
KXWCGAME-26JUN11KORCZE,2026-06-11T18:00:00Z,injury,mock historical sports feed,analytics_provider,0.70,Mock squad availability snapshot: no confirmed high-impact absence in local feed.,local://mock-historical-sports-feed/world-cup-2026,mock_seeded_not_official
KXWCGAME-26JUN11KORCZE,2026-06-11T18:00:00Z,lineup,mock historical sports feed,analytics_provider,0.70,Mock lineup matrix seeded one hour before kickoff for replay validation only.,local://mock-historical-sports-feed/world-cup-2026,mock_seeded_not_official
KXWCGAME-26JUN11MEXRSA,2026-06-11T18:00:00Z,news,mock historical sports feed,analytics_provider,0.70,Fixture hydrated by mock historical feed for Mexico vs South Africa.,local://mock-historical-sports-feed/world-cup-2026,mock_seeded_not_official
KXWCGAME-26JUN11MEXRSA,2026-06-11T18:00:00Z,weather,mock historical sports feed,analytics_provider,0.70,"Mock pre-match weather snapshot: playable conditions, no severe weather flag.",local://mock-historical-sports-feed/world-cup-2026,mock_seeded_not_official
KXWCGAME-26JUN11MEXRSA,2026-06-11T18:00:00Z,injury,mock historical sports feed,analytics_provider,0.70,Mock squad availability snapshot: no confirmed high-impact absence in local feed.,local://mock-historical-sports-feed/world-cup-2026,mock_seeded_not_official
KXWCGAME-26JUN11MEXRSA,2026-06-11T18:00:00Z,lineup,mock historical sports feed,analytics_provider,0.70,Mock lineup matrix seeded one hour before kickoff for replay validation only.,local://mock-historical-sports-feed/world-cup-2026,mock_seeded_not_official
KXWCGAME-26JUN12CANBIH,2026-06-12T17:00:00Z,news,mock historical sports feed,analytics_provider,0.70,Fixture hydrated by mock historical feed for Canada vs Bosnia and Herzegovina.,local://mock-historical-sports-feed/world-cup-2026,mock_seeded_not_official
KXWCGAME-26JUN12CANBIH,2026-06-12T17:00:00Z,weather,mock historical sports feed,analytics_provider,0.70,"Mock pre-match weather snapshot: playable conditions, no severe weather flag.",local://mock-historical-sports-feed/world-cup-2026,mock_seeded_not_official
KXWCGAME-26JUN12CANBIH,2026-06-12T17:00:00Z,injury,mock historical sports feed,analytics_provider,0.70,Mock squad availability snapshot: no confirmed high-impact absence in local feed.,local://mock-historical-sports-feed/world-cup-2026,mock_seeded_not_official
KXWCGAME-26JUN12CANBIH,2026-06-12T17:00:00Z,lineup,mock historical sports feed,analytics_provider,0.70,Mock lineup matrix seeded one hour before kickoff for replay validation only.,local://mock-historical-sports-feed/world-cup-2026,mock_seeded_not_official
KXWCGAME-26JUN12USAPAR,2026-06-13T00:00:00Z,news,mock historical sports feed,analytics_provider,0.70,Fixture hydrated by mock historical feed for USA vs Paraguay.,local://mock-historical-sports-feed/world-cup-2026,mock_seeded_not_official
KXWCGAME-26JUN12USAPAR,2026-06-13T00:00:00Z,weather,mock historical sports feed,analytics_provider,0.70,"Mock pre-match weather snapshot: playable conditions, no severe weather flag.",local://mock-historical-sports-feed/world-cup-2026,mock_seeded_not_official
KXWCGAME-26JUN12USAPAR,2026-06-13T00:00:00Z,injury,mock historical sports feed,analytics_provider,0.70,Mock squad availability snapshot: no confirmed high-impact absence in local feed.,local://mock-historical-sports-feed/world-cup-2026,mock_seeded_not_official
KXWCGAME-26JUN12USAPAR,2026-06-13T00:00:00Z,lineup,mock historical sports feed,analytics_provider,0.70,Mock lineup matrix seeded one hour before kickoff for replay validation only.,local://mock-historical-sports-feed/world-cup-2026,mock_seeded_not_official
KXWCGAME-26JUN13BRAMAR,2026-06-13T21:00:00Z,news,mock historical sports feed,analytics_provider,0.70,Fixture hydrated by mock historical feed for Brazil vs Morocco.,local://mock-historical-sports-feed/world-cup-2026,mock_seeded_not_official
KXWCGAME-26JUN13BRAMAR,2026-06-13T21:00:00Z,weather,mock historical sports feed,analytics_provider,0.70,"Mock pre-match weather snapshot: playable conditions, no severe weather flag.",local://mock-historical-sports-feed/world-cup-2026,mock_seeded_not_official
KXWCGAME-26JUN13BRAMAR,2026-06-13T21:00:00Z,injury,mock historical sports feed,analytics_provider,0.70,Mock squad availability snapshot: no confirmed high-impact absence in local feed.,local://mock-historical-sports-feed/world-cup-2026,mock_seeded_not_official
KXWCGAME-26JUN13BRAMAR,2026-06-13T21:00:00Z,lineup,mock historical sports feed,analytics_provider,0.70,Mock lineup matrix seeded one hour before kickoff for replay validation only.,local://mock-historical-sports-feed/world-cup-2026,mock_seeded_not_official
KXWCGAME-26JUN13HTISCO,2026-06-14T00:00:00Z,news,mock historical sports feed,analytics_provider,0.70,Fixture hydrated by mock historical feed for Haiti vs Scotland.,local://mock-historical-sports-feed/world-cup-2026,mock_seeded_not_official
KXWCGAME-26JUN13HTISCO,2026-06-14T00:00:00Z,weather,mock historical sports feed,analytics_provider,0.70,"Mock pre-match weather snapshot: playable conditions, no severe weather flag.",local://mock-historical-sports-feed/world-cup-2026,mock_seeded_not_official
KXWCGAME-26JUN13HTISCO,2026-06-14T00:00:00Z,injury,mock historical sports feed,analytics_provider,0.70,Mock squad availability snapshot: no confirmed high-impact absence in local feed.,local://mock-historical-sports-feed/world-cup-2026,mock_seeded_not_official
KXWCGAME-26JUN13HTISCO,2026-06-14T00:00:00Z,lineup,mock historical sports feed,analytics_provider,0.70,Mock lineup matrix seeded one hour before kickoff for replay validation only.,local://mock-historical-sports-feed/world-cup-2026,mock_seeded_not_official
KXWCGAME-26JUN13QATSUI,2026-06-13T18:00:00Z,news,mock historical sports feed,analytics_provider,0.70,Fixture hydrated by mock historical feed for Qatar vs Switzerland.,local://mock-historical-sports-feed/world-cup-2026,mock_seeded_not_official
KXWCGAME-26JUN13QATSUI,2026-06-13T18:00:00Z,weather,mock historical sports feed,analytics_provider,0.70,"Mock pre-match weather snapshot: playable conditions, no severe weather flag.",local://mock-historical-sports-feed/world-cup-2026,mock_seeded_not_official
KXWCGAME-26JUN13QATSUI,2026-06-13T18:00:00Z,injury,mock historical sports feed,analytics_provider,0.70,Mock squad availability snapshot: no confirmed high-impact absence in local feed.,local://mock-historical-sports-feed/world-cup-2026,mock_seeded_not_official
KXWCGAME-26JUN13QATSUI,2026-06-13T18:00:00Z,lineup,mock historical sports feed,analytics_provider,0.70,Mock lineup matrix seeded one hour before kickoff for replay validation only.,local://mock-historical-sports-feed/world-cup-2026,mock_seeded_not_official
KXWCGAME-26JUN14AUSTUR,2026-06-14T02:00:00Z,news,mock historical sports feed,analytics_provider,0.70,Fixture hydrated by mock historical feed for Australia vs Turkiye.,local://mock-historical-sports-feed/world-cup-2026,mock_seeded_not_official
KXWCGAME-26JUN14AUSTUR,2026-06-14T02:00:00Z,weather,mock historical sports feed,analytics_provider,0.70,"Mock pre-match weather snapshot: playable conditions, no severe weather flag.",local://mock-historical-sports-feed/world-cup-2026,mock_seeded_not_official
KXWCGAME-26JUN14AUSTUR,2026-06-14T02:00:00Z,injury,mock historical sports feed,analytics_provider,0.70,Mock squad availability snapshot: no confirmed high-impact absence in local feed.,local://mock-historical-sports-feed/world-cup-2026,mock_seeded_not_official
KXWCGAME-26JUN14AUSTUR,2026-06-14T02:00:00Z,lineup,mock historical sports feed,analytics_provider,0.70,Mock lineup matrix seeded one hour before kickoff for replay validation only.,local://mock-historical-sports-feed/world-cup-2026,mock_seeded_not_official
KXWCGAME-26JUN14CIVECU,2026-06-14T22:00:00Z,news,mock historical sports feed,analytics_provider,0.70,Fixture hydrated by mock historical feed for Ivory Coast vs Ecuador.,local://mock-historical-sports-feed/world-cup-2026,mock_seeded_not_official
KXWCGAME-26JUN14CIVECU,2026-06-14T22:00:00Z,weather,mock historical sports feed,analytics_provider,0.70,"Mock pre-match weather snapshot: playable conditions, no severe weather flag.",local://mock-historical-sports-feed/world-cup-2026,mock_seeded_not_official
KXWCGAME-26JUN14CIVECU,2026-06-14T22:00:00Z,injury,mock historical sports feed,analytics_provider,0.70,Mock squad availability snapshot: no confirmed high-impact absence in local feed.,local://mock-historical-sports-feed/world-cup-2026,mock_seeded_not_official
KXWCGAME-26JUN14CIVECU,2026-06-14T22:00:00Z,lineup,mock historical sports feed,analytics_provider,0.70,Mock lineup matrix seeded one hour before kickoff for replay validation only.,local://mock-historical-sports-feed/world-cup-2026,mock_seeded_not_official
KXWCGAME-26JUN14GERCUW,2026-06-14T16:00:00Z,news,mock historical sports feed,analytics_provider,0.70,Fixture hydrated by mock historical feed for Germany vs Curacao.,local://mock-historical-sports-feed/world-cup-2026,mock_seeded_not_official
KXWCGAME-26JUN14GERCUW,2026-06-14T16:00:00Z,weather,mock historical sports feed,analytics_provider,0.70,"Mock pre-match weather snapshot: playable conditions, no severe weather flag.",local://mock-historical-sports-feed/world-cup-2026,mock_seeded_not_official
KXWCGAME-26JUN14GERCUW,2026-06-14T16:00:00Z,injury,mock historical sports feed,analytics_provider,0.70,Mock squad availability snapshot: no confirmed high-impact absence in local feed.,local://mock-historical-sports-feed/world-cup-2026,mock_seeded_not_official
KXWCGAME-26JUN14GERCUW,2026-06-14T16:00:00Z,lineup,mock historical sports feed,analytics_provider,0.70,Mock lineup matrix seeded one hour before kickoff for replay validation only.,local://mock-historical-sports-feed/world-cup-2026,mock_seeded_not_official
KXWCGAME-26JUN14NEDJPN,2026-06-14T18:00:00Z,news,mock historical sports feed,analytics_provider,0.70,Fixture hydrated by mock historical feed for Netherlands vs Japan.,local://mock-historical-sports-feed/world-cup-2026,mock_seeded_not_official
KXWCGAME-26JUN14NEDJPN,2026-06-14T18:00:00Z,weather,mock historical sports feed,analytics_provider,0.70,"Mock pre-match weather snapshot: playable conditions, no severe weather flag.",local://mock-historical-sports-feed/world-cup-2026,mock_seeded_not_official
KXWCGAME-26JUN14NEDJPN,2026-06-14T18:00:00Z,injury,mock historical sports feed,analytics_provider,0.70,Mock squad availability snapshot: no confirmed high-impact absence in local feed.,local://mock-historical-sports-feed/world-cup-2026,mock_seeded_not_official
KXWCGAME-26JUN14NEDJPN,2026-06-14T18:00:00Z,lineup,mock historical sports feed,analytics_provider,0.70,Mock lineup matrix seeded one hour before kickoff for replay validation only.,local://mock-historical-sports-feed/world-cup-2026,mock_seeded_not_official
KXWCGAME-26JUN14SWETUN,2026-06-15T00:00:00Z,news,mock historical sports feed,analytics_provider,0.70,Fixture hydrated by mock historical feed for Sweden vs Tunisia.,local://mock-historical-sports-feed/world-cup-2026,mock_seeded_not_official
KXWCGAME-26JUN14SWETUN,2026-06-15T00:00:00Z,weather,mock historical sports feed,analytics_provider,0.70,"Mock pre-match weather snapshot: playable conditions, no severe weather flag.",local://mock-historical-sports-feed/world-cup-2026,mock_seeded_not_official
KXWCGAME-26JUN14SWETUN,2026-06-15T00:00:00Z,injury,mock historical sports feed,analytics_provider,0.70,Mock squad availability snapshot: no confirmed high-impact absence in local feed.,local://mock-historical-sports-feed/world-cup-2026,mock_seeded_not_official
KXWCGAME-26JUN14SWETUN,2026-06-15T00:00:00Z,lineup,mock historical sports feed,analytics_provider,0.70,Mock lineup matrix seeded one hour before kickoff for replay validation only.,local://mock-historical-sports-feed/world-cup-2026,mock_seeded_not_official
KXWCGAME-26JUN15BELEGY,2026-06-15T17:00:00Z,news,mock historical sports feed,analytics_provider,0.70,Fixture hydrated by mock historical feed for Belgium vs Egypt.,local://mock-historical-sports-feed/world-cup-2026,mock_seeded_not_official
KXWCGAME-26JUN15BELEGY,2026-06-15T17:00:00Z,weather,mock historical sports feed,analytics_provider,0.70,"Mock pre-match weather snapshot: playable conditions, no severe weather flag.",local://mock-historical-sports-feed/world-cup-2026,mock_seeded_not_official
KXWCGAME-26JUN15BELEGY,2026-06-15T17:00:00Z,injury,mock historical sports feed,analytics_provider,0.70,Mock squad availability snapshot: no confirmed high-impact absence in local feed.,local://mock-historical-sports-feed/world-cup-2026,mock_seeded_not_official
KXWCGAME-26JUN15BELEGY,2026-06-15T17:00:00Z,lineup,mock historical sports feed,analytics_provider,0.70,Mock lineup matrix seeded one hour before kickoff for replay validation only.,local://mock-historical-sports-feed/world-cup-2026,mock_seeded_not_official
KXWCGAME-26JUN15ESPCPV,2026-06-15T14:00:00Z,news,mock historical sports feed,analytics_provider,0.70,Fixture hydrated by mock historical feed for Spain vs Cape Verde.,local://mock-historical-sports-feed/world-cup-2026,mock_seeded_not_official
KXWCGAME-26JUN15ESPCPV,2026-06-15T14:00:00Z,weather,mock historical sports feed,analytics_provider,0.70,"Mock pre-match weather snapshot: playable conditions, no severe weather flag.",local://mock-historical-sports-feed/world-cup-2026,mock_seeded_not_official
KXWCGAME-26JUN15ESPCPV,2026-06-15T14:00:00Z,injury,mock historical sports feed,analytics_provider,0.70,Mock squad availability snapshot: no confirmed high-impact absence in local feed.,local://mock-historical-sports-feed/world-cup-2026,mock_seeded_not_official
KXWCGAME-26JUN15ESPCPV,2026-06-15T14:00:00Z,lineup,mock historical sports feed,analytics_provider,0.70,Mock lineup matrix seeded one hour before kickoff for replay validation only.,local://mock-historical-sports-feed/world-cup-2026,mock_seeded_not_official
KXWCGAME-26JUN15IRINZL,2026-06-16T00:00:00Z,news,mock historical sports feed,analytics_provider,0.70,Fixture hydrated by mock historical feed for IR Iran vs New Zealand.,local://mock-historical-sports-feed/world-cup-2026,mock_seeded_not_official
KXWCGAME-26JUN15IRINZL,2026-06-16T00:00:00Z,weather,mock historical sports feed,analytics_provider,0.70,"Mock pre-match weather snapshot: playable conditions, no severe weather flag.",local://mock-historical-sports-feed/world-cup-2026,mock_seeded_not_official
KXWCGAME-26JUN15IRINZL,2026-06-16T00:00:00Z,injury,mock historical sports feed,analytics_provider,0.70,Mock squad availability snapshot: no confirmed high-impact absence in local feed.,local://mock-historical-sports-feed/world-cup-2026,mock_seeded_not_official
KXWCGAME-26JUN15IRINZL,2026-06-16T00:00:00Z,lineup,mock historical sports feed,analytics_provider,0.70,Mock lineup matrix seeded one hour before kickoff for replay validation only.,local://mock-historical-sports-feed/world-cup-2026,mock_seeded_not_official
KXWCGAME-26JUN15KSAURU,2026-06-15T21:00:00Z,news,mock historical sports feed,analytics_provider,0.70,Fixture hydrated by mock historical feed for Saudi Arabia vs Uruguay.,local://mock-historical-sports-feed/world-cup-2026,mock_seeded_not_official
KXWCGAME-26JUN15KSAURU,2026-06-15T21:00:00Z,weather,mock historical sports feed,analytics_provider,0.70,"Mock pre-match weather snapshot: playable conditions, no severe weather flag.",local://mock-historical-sports-feed/world-cup-2026,mock_seeded_not_official
KXWCGAME-26JUN15KSAURU,2026-06-15T21:00:00Z,injury,mock historical sports feed,analytics_provider,0.70,Mock squad availability snapshot: no confirmed high-impact absence in local feed.,local://mock-historical-sports-feed/world-cup-2026,mock_seeded_not_official
KXWCGAME-26JUN15KSAURU,2026-06-15T21:00:00Z,lineup,mock historical sports feed,analytics_provider,0.70,Mock lineup matrix seeded one hour before kickoff for replay validation only.,local://mock-historical-sports-feed/world-cup-2026,mock_seeded_not_official
KXWCGAME-26JUN16ARGDZA,2026-06-17T00:00:00Z,news,mock historical sports feed,analytics_provider,0.70,Fixture hydrated by mock historical feed for Argentina vs Algeria.,local://mock-historical-sports-feed/world-cup-2026,mock_seeded_not_official
KXWCGAME-26JUN16ARGDZA,2026-06-17T00:00:00Z,weather,mock historical sports feed,analytics_provider,0.70,"Mock pre-match weather snapshot: playable conditions, no severe weather flag.",local://mock-historical-sports-feed/world-cup-2026,mock_seeded_not_official
KXWCGAME-26JUN16ARGDZA,2026-06-17T00:00:00Z,injury,mock historical sports feed,analytics_provider,0.70,Mock squad availability snapshot: no confirmed high-impact absence in local feed.,local://mock-historical-sports-feed/world-cup-2026,mock_seeded_not_official
KXWCGAME-26JUN16ARGDZA,2026-06-17T00:00:00Z,lineup,mock historical sports feed,analytics_provider,0.70,Mock lineup matrix seeded one hour before kickoff for replay validation only.,local://mock-historical-sports-feed/world-cup-2026,mock_seeded_not_official
KXWCGAME-26JUN16FRASEN,2026-06-16T18:00:00Z,news,mock historical sports feed,analytics_provider,0.70,Fixture hydrated by mock historical feed for France vs Senegal.,local://mock-historical-sports-feed/world-cup-2026,mock_seeded_not_official
KXWCGAME-26JUN16FRASEN,2026-06-16T18:00:00Z,weather,mock historical sports feed,analytics_provider,0.70,"Mock pre-match weather snapshot: playable conditions, no severe weather flag.",local://mock-historical-sports-feed/world-cup-2026,mock_seeded_not_official
KXWCGAME-26JUN16FRASEN,2026-06-16T18:00:00Z,injury,mock historical sports feed,analytics_provider,0.70,Mock squad availability snapshot: no confirmed high-impact absence in local feed.,local://mock-historical-sports-feed/world-cup-2026,mock_seeded_not_official
KXWCGAME-26JUN16FRASEN,2026-06-16T18:00:00Z,lineup,mock historical sports feed,analytics_provider,0.70,Mock lineup matrix seeded one hour before kickoff for replay validation only.,local://mock-historical-sports-feed/world-cup-2026,mock_seeded_not_official
KXWCGAME-26JUN16IRQNOR,2026-06-16T21:00:00Z,news,mock historical sports feed,analytics_provider,0.70,Fixture hydrated by mock historical feed for Iraq vs Norway.,local://mock-historical-sports-feed/world-cup-2026,mock_seeded_not_official
KXWCGAME-26JUN16IRQNOR,2026-06-16T21:00:00Z,weather,mock historical sports feed,analytics_provider,0.70,"Mock pre-match weather snapshot: playable conditions, no severe weather flag.",local://mock-historical-sports-feed/world-cup-2026,mock_seeded_not_official
KXWCGAME-26JUN16IRQNOR,2026-06-16T21:00:00Z,injury,mock historical sports feed,analytics_provider,0.70,Mock squad availability snapshot: no confirmed high-impact absence in local feed.,local://mock-historical-sports-feed/world-cup-2026,mock_seeded_not_official
KXWCGAME-26JUN16IRQNOR,2026-06-16T21:00:00Z,lineup,mock historical sports feed,analytics_provider,0.70,Mock lineup matrix seeded one hour before kickoff for replay validation only.,local://mock-historical-sports-feed/world-cup-2026,mock_seeded_not_official
KXWCGAME-26JUN17AUTJOR,2026-06-17T03:00:00Z,news,mock historical sports feed,analytics_provider,0.70,Fixture hydrated by mock historical feed for Austria vs Jordan.,local://mock-historical-sports-feed/world-cup-2026,mock_seeded_not_official
KXWCGAME-26JUN17AUTJOR,2026-06-17T03:00:00Z,weather,mock historical sports feed,analytics_provider,0.70,"Mock pre-match weather snapshot: playable conditions, no severe weather flag.",local://mock-historical-sports-feed/world-cup-2026,mock_seeded_not_official
KXWCGAME-26JUN17AUTJOR,2026-06-17T03:00:00Z,injury,mock historical sports feed,analytics_provider,0.70,Mock squad availability snapshot: no confirmed high-impact absence in local feed.,local://mock-historical-sports-feed/world-cup-2026,mock_seeded_not_official
KXWCGAME-26JUN17AUTJOR,2026-06-17T03:00:00Z,lineup,mock historical sports feed,analytics_provider,0.70,Mock lineup matrix seeded one hour before kickoff for replay validation only.,local://mock-historical-sports-feed/world-cup-2026,mock_seeded_not_official
KXWCGAME-26JUN17ENGCRO,2026-06-17T19:00:00Z,news,mock historical sports feed,analytics_provider,0.70,Fixture hydrated by mock historical feed for England vs Croatia.,local://mock-historical-sports-feed/world-cup-2026,mock_seeded_not_official
KXWCGAME-26JUN17ENGCRO,2026-06-17T19:00:00Z,weather,mock historical sports feed,analytics_provider,0.70,"Mock pre-match weather snapshot: playable conditions, no severe weather flag.",local://mock-historical-sports-feed/world-cup-2026,mock_seeded_not_official
KXWCGAME-26JUN17ENGCRO,2026-06-17T19:00:00Z,injury,mock historical sports feed,analytics_provider,0.70,Mock squad availability snapshot: no confirmed high-impact absence in local feed.,local://mock-historical-sports-feed/world-cup-2026,mock_seeded_not_official
KXWCGAME-26JUN17ENGCRO,2026-06-17T19:00:00Z,lineup,mock historical sports feed,analytics_provider,0.70,Mock lineup matrix seeded one hour before kickoff for replay validation only.,local://mock-historical-sports-feed/world-cup-2026,mock_seeded_not_official
KXWCGAME-26JUN17GHAPAN,2026-06-17T22:00:00Z,news,mock historical sports feed,analytics_provider,0.70,Fixture hydrated by mock historical feed for Ghana vs Panama.,local://mock-historical-sports-feed/world-cup-2026,mock_seeded_not_official
KXWCGAME-26JUN17GHAPAN,2026-06-17T22:00:00Z,weather,mock historical sports feed,analytics_provider,0.70,"Mock pre-match weather snapshot: playable conditions, no severe weather flag.",local://mock-historical-sports-feed/world-cup-2026,mock_seeded_not_official
KXWCGAME-26JUN17GHAPAN,2026-06-17T22:00:00Z,injury,mock historical sports feed,analytics_provider,0.70,Mock squad availability snapshot: no confirmed high-impact absence in local feed.,local://mock-historical-sports-feed/world-cup-2026,mock_seeded_not_official
KXWCGAME-26JUN17GHAPAN,2026-06-17T22:00:00Z,lineup,mock historical sports feed,analytics_provider,0.70,Mock lineup matrix seeded one hour before kickoff for replay validation only.,local://mock-historical-sports-feed/world-cup-2026,mock_seeded_not_official
KXWCGAME-26JUN17PORCOD,2026-06-17T16:00:00Z,news,mock historical sports feed,analytics_provider,0.70,Fixture hydrated by mock historical feed for Portugal vs Congo DR.,local://mock-historical-sports-feed/world-cup-2026,mock_seeded_not_official
KXWCGAME-26JUN17PORCOD,2026-06-17T16:00:00Z,weather,mock historical sports feed,analytics_provider,0.70,"Mock pre-match weather snapshot: playable conditions, no severe weather flag.",local://mock-historical-sports-feed/world-cup-2026,mock_seeded_not_official
KXWCGAME-26JUN17PORCOD,2026-06-17T16:00:00Z,injury,mock historical sports feed,analytics_provider,0.70,Mock squad availability snapshot: no confirmed high-impact absence in local feed.,local://mock-historical-sports-feed/world-cup-2026,mock_seeded_not_official
KXWCGAME-26JUN17PORCOD,2026-06-17T16:00:00Z,lineup,mock historical sports feed,analytics_provider,0.70,Mock lineup matrix seeded one hour before kickoff for replay validation only.,local://mock-historical-sports-feed/world-cup-2026,mock_seeded_not_official
KXWCGAME-26JUN17UZBCOL,2026-06-18T01:00:00Z,news,mock historical sports feed,analytics_provider,0.70,Fixture hydrated by mock historical feed for Uzbekistan vs Colombia.,local://mock-historical-sports-feed/world-cup-2026,mock_seeded_not_official
KXWCGAME-26JUN17UZBCOL,2026-06-18T01:00:00Z,weather,mock historical sports feed,analytics_provider,0.70,"Mock pre-match weather snapshot: playable conditions, no severe weather flag.",local://mock-historical-sports-feed/world-cup-2026,mock_seeded_not_official
KXWCGAME-26JUN17UZBCOL,2026-06-18T01:00:00Z,injury,mock historical sports feed,analytics_provider,0.70,Mock squad availability snapshot: no confirmed high-impact absence in local feed.,local://mock-historical-sports-feed/world-cup-2026,mock_seeded_not_official
KXWCGAME-26JUN17UZBCOL,2026-06-18T01:00:00Z,lineup,mock historical sports feed,analytics_provider,0.70,Mock lineup matrix seeded one hour before kickoff for replay validation only.,local://mock-historical-sports-feed/world-cup-2026,mock_seeded_not_official
KXWCGAME-26JUN18CANQAT,2026-06-18T21:00:00Z,news,mock historical sports feed,analytics_provider,0.70,Fixture hydrated by mock historical feed for Canada vs Qatar.,local://mock-historical-sports-feed/world-cup-2026,mock_seeded_not_official
KXWCGAME-26JUN18CANQAT,2026-06-18T21:00:00Z,weather,mock historical sports feed,analytics_provider,0.70,"Mock pre-match weather snapshot: playable conditions, no severe weather flag.",local://mock-historical-sports-feed/world-cup-2026,mock_seeded_not_official
KXWCGAME-26JUN18CANQAT,2026-06-18T21:00:00Z,injury,mock historical sports feed,analytics_provider,0.70,Mock squad availability snapshot: no confirmed high-impact absence in local feed.,local://mock-historical-sports-feed/world-cup-2026,mock_seeded_not_official
KXWCGAME-26JUN18CANQAT,2026-06-18T21:00:00Z,lineup,mock historical sports feed,analytics_provider,0.70,Mock lineup matrix seeded one hour before kickoff for replay validation only.,local://mock-historical-sports-feed/world-cup-2026,mock_seeded_not_official
KXWCGAME-26JUN18CZERSA,2026-06-18T15:00:00Z,news,mock historical sports feed,analytics_provider,0.70,Fixture hydrated by mock historical feed for Czechia vs South Africa.,local://mock-historical-sports-feed/world-cup-2026,mock_seeded_not_official
KXWCGAME-26JUN18CZERSA,2026-06-18T15:00:00Z,weather,mock historical sports feed,analytics_provider,0.70,"Mock pre-match weather snapshot: playable conditions, no severe weather flag.",local://mock-historical-sports-feed/world-cup-2026,mock_seeded_not_official
KXWCGAME-26JUN18CZERSA,2026-06-18T15:00:00Z,injury,mock historical sports feed,analytics_provider,0.70,Mock squad availability snapshot: no confirmed high-impact absence in local feed.,local://mock-historical-sports-feed/world-cup-2026,mock_seeded_not_official
KXWCGAME-26JUN18CZERSA,2026-06-18T15:00:00Z,lineup,mock historical sports feed,analytics_provider,0.70,Mock lineup matrix seeded one hour before kickoff for replay validation only.,local://mock-historical-sports-feed/world-cup-2026,mock_seeded_not_official
KXWCGAME-26JUN18MEXKOR,2026-06-19T00:00:00Z,news,mock historical sports feed,analytics_provider,0.70,Fixture hydrated by mock historical feed for Mexico vs Korea Republic.,local://mock-historical-sports-feed/world-cup-2026,mock_seeded_not_official
KXWCGAME-26JUN18MEXKOR,2026-06-19T00:00:00Z,weather,mock historical sports feed,analytics_provider,0.70,"Mock pre-match weather snapshot: playable conditions, no severe weather flag.",local://mock-historical-sports-feed/world-cup-2026,mock_seeded_not_official
KXWCGAME-26JUN18MEXKOR,2026-06-19T00:00:00Z,injury,mock historical sports feed,analytics_provider,0.70,Mock squad availability snapshot: no confirmed high-impact absence in local feed.,local://mock-historical-sports-feed/world-cup-2026,mock_seeded_not_official
KXWCGAME-26JUN18MEXKOR,2026-06-19T00:00:00Z,lineup,mock historical sports feed,analytics_provider,0.70,Mock lineup matrix seeded one hour before kickoff for replay validation only.,local://mock-historical-sports-feed/world-cup-2026,mock_seeded_not_official
KXWCGAME-26JUN18SUIBIH,2026-06-18T17:00:00Z,news,mock historical sports feed,analytics_provider,0.70,Fixture hydrated by mock historical feed for Switzerland vs Bosnia and Herzegovina.,local://mock-historical-sports-feed/world-cup-2026,mock_seeded_not_official
KXWCGAME-26JUN18SUIBIH,2026-06-18T17:00:00Z,weather,mock historical sports feed,analytics_provider,0.70,"Mock pre-match weather snapshot: playable conditions, no severe weather flag.",local://mock-historical-sports-feed/world-cup-2026,mock_seeded_not_official
KXWCGAME-26JUN18SUIBIH,2026-06-18T17:00:00Z,injury,mock historical sports feed,analytics_provider,0.70,Mock squad availability snapshot: no confirmed high-impact absence in local feed.,local://mock-historical-sports-feed/world-cup-2026,mock_seeded_not_official
KXWCGAME-26JUN18SUIBIH,2026-06-18T17:00:00Z,lineup,mock historical sports feed,analytics_provider,0.70,Mock lineup matrix seeded one hour before kickoff for replay validation only.,local://mock-historical-sports-feed/world-cup-2026,mock_seeded_not_official
KXWCGAME-26JUN19BRAHTI,2026-06-19T23:00:00Z,news,mock historical sports feed,analytics_provider,0.70,Fixture hydrated by mock historical feed for Brazil vs Haiti.,local://mock-historical-sports-feed/world-cup-2026,mock_seeded_not_official
KXWCGAME-26JUN19BRAHTI,2026-06-19T23:00:00Z,weather,mock historical sports feed,analytics_provider,0.70,"Mock pre-match weather snapshot: playable conditions, no severe weather flag.",local://mock-historical-sports-feed/world-cup-2026,mock_seeded_not_official
KXWCGAME-26JUN19BRAHTI,2026-06-19T23:00:00Z,injury,mock historical sports feed,analytics_provider,0.70,Mock squad availability snapshot: no confirmed high-impact absence in local feed.,local://mock-historical-sports-feed/world-cup-2026,mock_seeded_not_official
KXWCGAME-26JUN19BRAHTI,2026-06-19T23:00:00Z,lineup,mock historical sports feed,analytics_provider,0.70,Mock lineup matrix seeded one hour before kickoff for replay validation only.,local://mock-historical-sports-feed/world-cup-2026,mock_seeded_not_official
KXWCGAME-26JUN19SCOMAR,2026-06-19T21:00:00Z,news,mock historical sports feed,analytics_provider,0.70,Fixture hydrated by mock historical feed for Scotland vs Morocco.,local://mock-historical-sports-feed/world-cup-2026,mock_seeded_not_official
KXWCGAME-26JUN19SCOMAR,2026-06-19T21:00:00Z,weather,mock historical sports feed,analytics_provider,0.70,"Mock pre-match weather snapshot: playable conditions, no severe weather flag.",local://mock-historical-sports-feed/world-cup-2026,mock_seeded_not_official
KXWCGAME-26JUN19SCOMAR,2026-06-19T21:00:00Z,injury,mock historical sports feed,analytics_provider,0.70,Mock squad availability snapshot: no confirmed high-impact absence in local feed.,local://mock-historical-sports-feed/world-cup-2026,mock_seeded_not_official
KXWCGAME-26JUN19SCOMAR,2026-06-19T21:00:00Z,lineup,mock historical sports feed,analytics_provider,0.70,Mock lineup matrix seeded one hour before kickoff for replay validation only.,local://mock-historical-sports-feed/world-cup-2026,mock_seeded_not_official
KXWCGAME-26JUN19TURPAR,2026-06-20T02:00:00Z,news,mock historical sports feed,analytics_provider,0.70,Fixture hydrated by mock historical feed for Turkiye vs Paraguay.,local://mock-historical-sports-feed/world-cup-2026,mock_seeded_not_official
KXWCGAME-26JUN19TURPAR,2026-06-20T02:00:00Z,weather,mock historical sports feed,analytics_provider,0.70,"Mock pre-match weather snapshot: playable conditions, no severe weather flag.",local://mock-historical-sports-feed/world-cup-2026,mock_seeded_not_official
KXWCGAME-26JUN19TURPAR,2026-06-20T02:00:00Z,injury,mock historical sports feed,analytics_provider,0.70,Mock squad availability snapshot: no confirmed high-impact absence in local feed.,local://mock-historical-sports-feed/world-cup-2026,mock_seeded_not_official
KXWCGAME-26JUN19TURPAR,2026-06-20T02:00:00Z,lineup,mock historical sports feed,analytics_provider,0.70,Mock lineup matrix seeded one hour before kickoff for replay validation only.,local://mock-historical-sports-feed/world-cup-2026,mock_seeded_not_official
KXWCGAME-26JUN19USAAUS,2026-06-19T18:00:00Z,news,mock historical sports feed,analytics_provider,0.70,Fixture hydrated by mock historical feed for USA vs Australia.,local://mock-historical-sports-feed/world-cup-2026,mock_seeded_not_official
KXWCGAME-26JUN19USAAUS,2026-06-19T18:00:00Z,weather,mock historical sports feed,analytics_provider,0.70,"Mock pre-match weather snapshot: playable conditions, no severe weather flag.",local://mock-historical-sports-feed/world-cup-2026,mock_seeded_not_official
KXWCGAME-26JUN19USAAUS,2026-06-19T18:00:00Z,injury,mock historical sports feed,analytics_provider,0.70,Mock squad availability snapshot: no confirmed high-impact absence in local feed.,local://mock-historical-sports-feed/world-cup-2026,mock_seeded_not_official
KXWCGAME-26JUN19USAAUS,2026-06-19T18:00:00Z,lineup,mock historical sports feed,analytics_provider,0.70,Mock lineup matrix seeded one hour before kickoff for replay validation only.,local://mock-historical-sports-feed/world-cup-2026,mock_seeded_not_official
KXWCGAME-26JUN20ECUCUW,2026-06-20T22:00:00Z,news,mock historical sports feed,analytics_provider,0.70,Fixture hydrated by mock historical feed for Ecuador vs Curacao.,local://mock-historical-sports-feed/world-cup-2026,mock_seeded_not_official
KXWCGAME-26JUN20ECUCUW,2026-06-20T22:00:00Z,weather,mock historical sports feed,analytics_provider,0.70,"Mock pre-match weather snapshot: playable conditions, no severe weather flag.",local://mock-historical-sports-feed/world-cup-2026,mock_seeded_not_official
KXWCGAME-26JUN20ECUCUW,2026-06-20T22:00:00Z,injury,mock historical sports feed,analytics_provider,0.70,Mock squad availability snapshot: no confirmed high-impact absence in local feed.,local://mock-historical-sports-feed/world-cup-2026,mock_seeded_not_official
KXWCGAME-26JUN20ECUCUW,2026-06-20T22:00:00Z,lineup,mock historical sports feed,analytics_provider,0.70,Mock lineup matrix seeded one hour before kickoff for replay validation only.,local://mock-historical-sports-feed/world-cup-2026,mock_seeded_not_official
KXWCGAME-26JUN20GERCIV,2026-06-20T19:00:00Z,news,mock historical sports feed,analytics_provider,0.70,Fixture hydrated by mock historical feed for Germany vs Ivory Coast.,local://mock-historical-sports-feed/world-cup-2026,mock_seeded_not_official
KXWCGAME-26JUN20GERCIV,2026-06-20T19:00:00Z,weather,mock historical sports feed,analytics_provider,0.70,"Mock pre-match weather snapshot: playable conditions, no severe weather flag.",local://mock-historical-sports-feed/world-cup-2026,mock_seeded_not_official
KXWCGAME-26JUN20GERCIV,2026-06-20T19:00:00Z,injury,mock historical sports feed,analytics_provider,0.70,Mock squad availability snapshot: no confirmed high-impact absence in local feed.,local://mock-historical-sports-feed/world-cup-2026,mock_seeded_not_official
KXWCGAME-26JUN20GERCIV,2026-06-20T19:00:00Z,lineup,mock historical sports feed,analytics_provider,0.70,Mock lineup matrix seeded one hour before kickoff for replay validation only.,local://mock-historical-sports-feed/world-cup-2026,mock_seeded_not_official
KXWCGAME-26JUN20NEDSWE,2026-06-20T16:00:00Z,news,mock historical sports feed,analytics_provider,0.70,Fixture hydrated by mock historical feed for Netherlands vs Sweden.,local://mock-historical-sports-feed/world-cup-2026,mock_seeded_not_official
KXWCGAME-26JUN20NEDSWE,2026-06-20T16:00:00Z,weather,mock historical sports feed,analytics_provider,0.70,"Mock pre-match weather snapshot: playable conditions, no severe weather flag.",local://mock-historical-sports-feed/world-cup-2026,mock_seeded_not_official
KXWCGAME-26JUN20NEDSWE,2026-06-20T16:00:00Z,injury,mock historical sports feed,analytics_provider,0.70,Mock squad availability snapshot: no confirmed high-impact absence in local feed.,local://mock-historical-sports-feed/world-cup-2026,mock_seeded_not_official
KXWCGAME-26JUN20NEDSWE,2026-06-20T16:00:00Z,lineup,mock historical sports feed,analytics_provider,0.70,Mock lineup matrix seeded one hour before kickoff for replay validation only.,local://mock-historical-sports-feed/world-cup-2026,mock_seeded_not_official
KXWCGAME-26JUN21BELIRI,2026-06-21T17:00:00Z,news,mock historical sports feed,analytics_provider,0.70,Fixture hydrated by mock historical feed for Belgium vs IR Iran.,local://mock-historical-sports-feed/world-cup-2026,mock_seeded_not_official
KXWCGAME-26JUN21BELIRI,2026-06-21T17:00:00Z,weather,mock historical sports feed,analytics_provider,0.70,"Mock pre-match weather snapshot: playable conditions, no severe weather flag.",local://mock-historical-sports-feed/world-cup-2026,mock_seeded_not_official
KXWCGAME-26JUN21BELIRI,2026-06-21T17:00:00Z,injury,mock historical sports feed,analytics_provider,0.70,Mock squad availability snapshot: no confirmed high-impact absence in local feed.,local://mock-historical-sports-feed/world-cup-2026,mock_seeded_not_official
KXWCGAME-26JUN21BELIRI,2026-06-21T17:00:00Z,lineup,mock historical sports feed,analytics_provider,0.70,Mock lineup matrix seeded one hour before kickoff for replay validation only.,local://mock-historical-sports-feed/world-cup-2026,mock_seeded_not_official
KXWCGAME-26JUN21ESPKSA,2026-06-21T15:00:00Z,news,mock historical sports feed,analytics_provider,0.70,Fixture hydrated by mock historical feed for Spain vs Saudi Arabia.,local://mock-historical-sports-feed/world-cup-2026,mock_seeded_not_official
KXWCGAME-26JUN21ESPKSA,2026-06-21T15:00:00Z,weather,mock historical sports feed,analytics_provider,0.70,"Mock pre-match weather snapshot: playable conditions, no severe weather flag.",local://mock-historical-sports-feed/world-cup-2026,mock_seeded_not_official
KXWCGAME-26JUN21ESPKSA,2026-06-21T15:00:00Z,injury,mock historical sports feed,analytics_provider,0.70,Mock squad availability snapshot: no confirmed high-impact absence in local feed.,local://mock-historical-sports-feed/world-cup-2026,mock_seeded_not_official
KXWCGAME-26JUN21ESPKSA,2026-06-21T15:00:00Z,lineup,mock historical sports feed,analytics_provider,0.70,Mock lineup matrix seeded one hour before kickoff for replay validation only.,local://mock-historical-sports-feed/world-cup-2026,mock_seeded_not_official
KXWCGAME-26JUN21NZLEGY,2026-06-22T00:00:00Z,news,mock historical sports feed,analytics_provider,0.70,Fixture hydrated by mock historical feed for New Zealand vs Egypt.,local://mock-historical-sports-feed/world-cup-2026,mock_seeded_not_official
KXWCGAME-26JUN21NZLEGY,2026-06-22T00:00:00Z,weather,mock historical sports feed,analytics_provider,0.70,"Mock pre-match weather snapshot: playable conditions, no severe weather flag.",local://mock-historical-sports-feed/world-cup-2026,mock_seeded_not_official
KXWCGAME-26JUN21NZLEGY,2026-06-22T00:00:00Z,injury,mock historical sports feed,analytics_provider,0.70,Mock squad availability snapshot: no confirmed high-impact absence in local feed.,local://mock-historical-sports-feed/world-cup-2026,mock_seeded_not_official
KXWCGAME-26JUN21NZLEGY,2026-06-22T00:00:00Z,lineup,mock historical sports feed,analytics_provider,0.70,Mock lineup matrix seeded one hour before kickoff for replay validation only.,local://mock-historical-sports-feed/world-cup-2026,mock_seeded_not_official
KXWCGAME-26JUN21TUNJPN,2026-06-21T02:00:00Z,news,mock historical sports feed,analytics_provider,0.70,Fixture hydrated by mock historical feed for Tunisia vs Japan.,local://mock-historical-sports-feed/world-cup-2026,mock_seeded_not_official
KXWCGAME-26JUN21TUNJPN,2026-06-21T02:00:00Z,weather,mock historical sports feed,analytics_provider,0.70,"Mock pre-match weather snapshot: playable conditions, no severe weather flag.",local://mock-historical-sports-feed/world-cup-2026,mock_seeded_not_official
KXWCGAME-26JUN21TUNJPN,2026-06-21T02:00:00Z,injury,mock historical sports feed,analytics_provider,0.70,Mock squad availability snapshot: no confirmed high-impact absence in local feed.,local://mock-historical-sports-feed/world-cup-2026,mock_seeded_not_official
KXWCGAME-26JUN21TUNJPN,2026-06-21T02:00:00Z,lineup,mock historical sports feed,analytics_provider,0.70,Mock lineup matrix seeded one hour before kickoff for replay validation only.,local://mock-historical-sports-feed/world-cup-2026,mock_seeded_not_official
KXWCGAME-26JUN21URUCPV,2026-06-21T21:00:00Z,news,mock historical sports feed,analytics_provider,0.70,Fixture hydrated by mock historical feed for Uruguay vs Cape Verde.,local://mock-historical-sports-feed/world-cup-2026,mock_seeded_not_official
KXWCGAME-26JUN21URUCPV,2026-06-21T21:00:00Z,weather,mock historical sports feed,analytics_provider,0.70,"Mock pre-match weather snapshot: playable conditions, no severe weather flag.",local://mock-historical-sports-feed/world-cup-2026,mock_seeded_not_official
KXWCGAME-26JUN21URUCPV,2026-06-21T21:00:00Z,injury,mock historical sports feed,analytics_provider,0.70,Mock squad availability snapshot: no confirmed high-impact absence in local feed.,local://mock-historical-sports-feed/world-cup-2026,mock_seeded_not_official
KXWCGAME-26JUN21URUCPV,2026-06-21T21:00:00Z,lineup,mock historical sports feed,analytics_provider,0.70,Mock lineup matrix seeded one hour before kickoff for replay validation only.,local://mock-historical-sports-feed/world-cup-2026,mock_seeded_not_official
KXWCGAME-26JUN22ARGAUT,2026-06-22T16:00:00Z,news,mock historical sports feed,analytics_provider,0.70,Fixture hydrated by mock historical feed for Argentina vs Austria.,local://mock-historical-sports-feed/world-cup-2026,mock_seeded_not_official
KXWCGAME-26JUN22ARGAUT,2026-06-22T16:00:00Z,weather,mock historical sports feed,analytics_provider,0.70,"Mock pre-match weather snapshot: playable conditions, no severe weather flag.",local://mock-historical-sports-feed/world-cup-2026,mock_seeded_not_official
KXWCGAME-26JUN22ARGAUT,2026-06-22T16:00:00Z,injury,mock historical sports feed,analytics_provider,0.70,Mock squad availability snapshot: no confirmed high-impact absence in local feed.,local://mock-historical-sports-feed/world-cup-2026,mock_seeded_not_official
KXWCGAME-26JUN22ARGAUT,2026-06-22T16:00:00Z,lineup,mock historical sports feed,analytics_provider,0.70,Mock lineup matrix seeded one hour before kickoff for replay validation only.,local://mock-historical-sports-feed/world-cup-2026,mock_seeded_not_official
KXWCGAME-26JUN22FRAIRQ,2026-06-22T21:00:00Z,news,mock historical sports feed,analytics_provider,0.70,Fixture hydrated by mock historical feed for France vs Iraq.,local://mock-historical-sports-feed/world-cup-2026,mock_seeded_not_official
KXWCGAME-26JUN22FRAIRQ,2026-06-22T21:00:00Z,weather,mock historical sports feed,analytics_provider,0.70,"Mock pre-match weather snapshot: playable conditions, no severe weather flag.",local://mock-historical-sports-feed/world-cup-2026,mock_seeded_not_official
KXWCGAME-26JUN22FRAIRQ,2026-06-22T21:00:00Z,injury,mock historical sports feed,analytics_provider,0.70,Mock squad availability snapshot: no confirmed high-impact absence in local feed.,local://mock-historical-sports-feed/world-cup-2026,mock_seeded_not_official
KXWCGAME-26JUN22FRAIRQ,2026-06-22T21:00:00Z,lineup,mock historical sports feed,analytics_provider,0.70,Mock lineup matrix seeded one hour before kickoff for replay validation only.,local://mock-historical-sports-feed/world-cup-2026,mock_seeded_not_official
KXWCGAME-26JUN22JORDZA,2026-06-23T01:00:00Z,news,mock historical sports feed,analytics_provider,0.70,Fixture hydrated by mock historical feed for Jordan vs Algeria.,local://mock-historical-sports-feed/world-cup-2026,mock_seeded_not_official
KXWCGAME-26JUN22JORDZA,2026-06-23T01:00:00Z,weather,mock historical sports feed,analytics_provider,0.70,"Mock pre-match weather snapshot: playable conditions, no severe weather flag.",local://mock-historical-sports-feed/world-cup-2026,mock_seeded_not_official
KXWCGAME-26JUN22JORDZA,2026-06-23T01:00:00Z,injury,mock historical sports feed,analytics_provider,0.70,Mock squad availability snapshot: no confirmed high-impact absence in local feed.,local://mock-historical-sports-feed/world-cup-2026,mock_seeded_not_official
KXWCGAME-26JUN22JORDZA,2026-06-23T01:00:00Z,lineup,mock historical sports feed,analytics_provider,0.70,Mock lineup matrix seeded one hour before kickoff for replay validation only.,local://mock-historical-sports-feed/world-cup-2026,mock_seeded_not_official
KXWCGAME-26JUN22NORSEN,2026-06-22T23:00:00Z,news,mock historical sports feed,analytics_provider,0.70,Fixture hydrated by mock historical feed for Norway vs Senegal.,local://mock-historical-sports-feed/world-cup-2026,mock_seeded_not_official
KXWCGAME-26JUN22NORSEN,2026-06-22T23:00:00Z,weather,mock historical sports feed,analytics_provider,0.70,"Mock pre-match weather snapshot: playable conditions, no severe weather flag.",local://mock-historical-sports-feed/world-cup-2026,mock_seeded_not_official
KXWCGAME-26JUN22NORSEN,2026-06-22T23:00:00Z,injury,mock historical sports feed,analytics_provider,0.70,Mock squad availability snapshot: no confirmed high-impact absence in local feed.,local://mock-historical-sports-feed/world-cup-2026,mock_seeded_not_official
KXWCGAME-26JUN22NORSEN,2026-06-22T23:00:00Z,lineup,mock historical sports feed,analytics_provider,0.70,Mock lineup matrix seeded one hour before kickoff for replay validation only.,local://mock-historical-sports-feed/world-cup-2026,mock_seeded_not_official
KXWCGAME-26JUN23COLCOD,2026-06-24T00:00:00Z,news,mock historical sports feed,analytics_provider,0.70,Fixture hydrated by mock historical feed for Colombia vs Congo DR.,local://mock-historical-sports-feed/world-cup-2026,mock_seeded_not_official
KXWCGAME-26JUN23COLCOD,2026-06-24T00:00:00Z,weather,mock historical sports feed,analytics_provider,0.70,"Mock pre-match weather snapshot: playable conditions, no severe weather flag.",local://mock-historical-sports-feed/world-cup-2026,mock_seeded_not_official
KXWCGAME-26JUN23COLCOD,2026-06-24T00:00:00Z,injury,mock historical sports feed,analytics_provider,0.70,Mock squad availability snapshot: no confirmed high-impact absence in local feed.,local://mock-historical-sports-feed/world-cup-2026,mock_seeded_not_official
KXWCGAME-26JUN23COLCOD,2026-06-24T00:00:00Z,lineup,mock historical sports feed,analytics_provider,0.70,Mock lineup matrix seeded one hour before kickoff for replay validation only.,local://mock-historical-sports-feed/world-cup-2026,mock_seeded_not_official
KXWCGAME-26JUN23ENGGHA,2026-06-23T18:00:00Z,news,mock historical sports feed,analytics_provider,0.70,Fixture hydrated by mock historical feed for England vs Ghana.,local://mock-historical-sports-feed/world-cup-2026,mock_seeded_not_official
KXWCGAME-26JUN23ENGGHA,2026-06-23T18:00:00Z,weather,mock historical sports feed,analytics_provider,0.70,"Mock pre-match weather snapshot: playable conditions, no severe weather flag.",local://mock-historical-sports-feed/world-cup-2026,mock_seeded_not_official
KXWCGAME-26JUN23ENGGHA,2026-06-23T18:00:00Z,injury,mock historical sports feed,analytics_provider,0.70,Mock squad availability snapshot: no confirmed high-impact absence in local feed.,local://mock-historical-sports-feed/world-cup-2026,mock_seeded_not_official
KXWCGAME-26JUN23ENGGHA,2026-06-23T18:00:00Z,lineup,mock historical sports feed,analytics_provider,0.70,Mock lineup matrix seeded one hour before kickoff for replay validation only.,local://mock-historical-sports-feed/world-cup-2026,mock_seeded_not_official
KXWCGAME-26JUN23PANCRO,2026-06-23T21:00:00Z,news,mock historical sports feed,analytics_provider,0.70,Fixture hydrated by mock historical feed for Panama vs Croatia.,local://mock-historical-sports-feed/world-cup-2026,mock_seeded_not_official
KXWCGAME-26JUN23PANCRO,2026-06-23T21:00:00Z,weather,mock historical sports feed,analytics_provider,0.70,"Mock pre-match weather snapshot: playable conditions, no severe weather flag.",local://mock-historical-sports-feed/world-cup-2026,mock_seeded_not_official
KXWCGAME-26JUN23PANCRO,2026-06-23T21:00:00Z,injury,mock historical sports feed,analytics_provider,0.70,Mock squad availability snapshot: no confirmed high-impact absence in local feed.,local://mock-historical-sports-feed/world-cup-2026,mock_seeded_not_official
KXWCGAME-26JUN23PANCRO,2026-06-23T21:00:00Z,lineup,mock historical sports feed,analytics_provider,0.70,Mock lineup matrix seeded one hour before kickoff for replay validation only.,local://mock-historical-sports-feed/world-cup-2026,mock_seeded_not_official
KXWCGAME-26JUN23PORUZB,2026-06-23T15:00:00Z,news,mock historical sports feed,analytics_provider,0.70,Fixture hydrated by mock historical feed for Portugal vs Uzbekistan.,local://mock-historical-sports-feed/world-cup-2026,mock_seeded_not_official
KXWCGAME-26JUN23PORUZB,2026-06-23T15:00:00Z,weather,mock historical sports feed,analytics_provider,0.70,"Mock pre-match weather snapshot: playable conditions, no severe weather flag.",local://mock-historical-sports-feed/world-cup-2026,mock_seeded_not_official
KXWCGAME-26JUN23PORUZB,2026-06-23T15:00:00Z,injury,mock historical sports feed,analytics_provider,0.70,Mock squad availability snapshot: no confirmed high-impact absence in local feed.,local://mock-historical-sports-feed/world-cup-2026,mock_seeded_not_official
KXWCGAME-26JUN23PORUZB,2026-06-23T15:00:00Z,lineup,mock historical sports feed,analytics_provider,0.70,Mock lineup matrix seeded one hour before kickoff for replay validation only.,local://mock-historical-sports-feed/world-cup-2026,mock_seeded_not_official
KXWCGAME-26JUN24BIHQAT,2026-06-24T18:00:00Z,news,mock historical sports feed,analytics_provider,0.70,Fixture hydrated by mock historical feed for Bosnia and Herzegovina vs Qatar.,local://mock-historical-sports-feed/world-cup-2026,mock_seeded_not_official
KXWCGAME-26JUN24BIHQAT,2026-06-24T18:00:00Z,weather,mock historical sports feed,analytics_provider,0.70,"Mock pre-match weather snapshot: playable conditions, no severe weather flag.",local://mock-historical-sports-feed/world-cup-2026,mock_seeded_not_official
KXWCGAME-26JUN24BIHQAT,2026-06-24T18:00:00Z,injury,mock historical sports feed,analytics_provider,0.70,Mock squad availability snapshot: no confirmed high-impact absence in local feed.,local://mock-historical-sports-feed/world-cup-2026,mock_seeded_not_official
KXWCGAME-26JUN24BIHQAT,2026-06-24T18:00:00Z,lineup,mock historical sports feed,analytics_provider,0.70,Mock lineup matrix seeded one hour before kickoff for replay validation only.,local://mock-historical-sports-feed/world-cup-2026,mock_seeded_not_official
KXWCGAME-26JUN24CZEMEX,2026-06-24T23:00:00Z,news,mock historical sports feed,analytics_provider,0.70,Fixture hydrated by mock historical feed for Czechia vs Mexico.,local://mock-historical-sports-feed/world-cup-2026,mock_seeded_not_official
KXWCGAME-26JUN24CZEMEX,2026-06-24T23:00:00Z,weather,mock historical sports feed,analytics_provider,0.70,"Mock pre-match weather snapshot: playable conditions, no severe weather flag.",local://mock-historical-sports-feed/world-cup-2026,mock_seeded_not_official
KXWCGAME-26JUN24CZEMEX,2026-06-24T23:00:00Z,injury,mock historical sports feed,analytics_provider,0.70,Mock squad availability snapshot: no confirmed high-impact absence in local feed.,local://mock-historical-sports-feed/world-cup-2026,mock_seeded_not_official
KXWCGAME-26JUN24CZEMEX,2026-06-24T23:00:00Z,lineup,mock historical sports feed,analytics_provider,0.70,Mock lineup matrix seeded one hour before kickoff for replay validation only.,local://mock-historical-sports-feed/world-cup-2026,mock_seeded_not_official
KXWCGAME-26JUN24MARHTI,2026-06-24T21:00:00Z,news,mock historical sports feed,analytics_provider,0.70,Fixture hydrated by mock historical feed for Morocco vs Haiti.,local://mock-historical-sports-feed/world-cup-2026,mock_seeded_not_official
KXWCGAME-26JUN24MARHTI,2026-06-24T21:00:00Z,weather,mock historical sports feed,analytics_provider,0.70,"Mock pre-match weather snapshot: playable conditions, no severe weather flag.",local://mock-historical-sports-feed/world-cup-2026,mock_seeded_not_official
KXWCGAME-26JUN24MARHTI,2026-06-24T21:00:00Z,injury,mock historical sports feed,analytics_provider,0.70,Mock squad availability snapshot: no confirmed high-impact absence in local feed.,local://mock-historical-sports-feed/world-cup-2026,mock_seeded_not_official
KXWCGAME-26JUN24MARHTI,2026-06-24T21:00:00Z,lineup,mock historical sports feed,analytics_provider,0.70,Mock lineup matrix seeded one hour before kickoff for replay validation only.,local://mock-historical-sports-feed/world-cup-2026,mock_seeded_not_official
KXWCGAME-26JUN24RSAKOR,2026-06-24T23:00:00Z,news,mock historical sports feed,analytics_provider,0.70,Fixture hydrated by mock historical feed for South Africa vs Korea Republic.,local://mock-historical-sports-feed/world-cup-2026,mock_seeded_not_official
KXWCGAME-26JUN24RSAKOR,2026-06-24T23:00:00Z,weather,mock historical sports feed,analytics_provider,0.70,"Mock pre-match weather snapshot: playable conditions, no severe weather flag.",local://mock-historical-sports-feed/world-cup-2026,mock_seeded_not_official
KXWCGAME-26JUN24RSAKOR,2026-06-24T23:00:00Z,injury,mock historical sports feed,analytics_provider,0.70,Mock squad availability snapshot: no confirmed high-impact absence in local feed.,local://mock-historical-sports-feed/world-cup-2026,mock_seeded_not_official
KXWCGAME-26JUN24RSAKOR,2026-06-24T23:00:00Z,lineup,mock historical sports feed,analytics_provider,0.70,Mock lineup matrix seeded one hour before kickoff for replay validation only.,local://mock-historical-sports-feed/world-cup-2026,mock_seeded_not_official
KXWCGAME-26JUN24SCOBRA,2026-06-24T21:00:00Z,news,mock historical sports feed,analytics_provider,0.70,Fixture hydrated by mock historical feed for Scotland vs Brazil.,local://mock-historical-sports-feed/world-cup-2026,mock_seeded_not_official
KXWCGAME-26JUN24SCOBRA,2026-06-24T21:00:00Z,weather,mock historical sports feed,analytics_provider,0.70,"Mock pre-match weather snapshot: playable conditions, no severe weather flag.",local://mock-historical-sports-feed/world-cup-2026,mock_seeded_not_official
KXWCGAME-26JUN24SCOBRA,2026-06-24T21:00:00Z,injury,mock historical sports feed,analytics_provider,0.70,Mock squad availability snapshot: no confirmed high-impact absence in local feed.,local://mock-historical-sports-feed/world-cup-2026,mock_seeded_not_official
KXWCGAME-26JUN24SCOBRA,2026-06-24T21:00:00Z,lineup,mock historical sports feed,analytics_provider,0.70,Mock lineup matrix seeded one hour before kickoff for replay validation only.,local://mock-historical-sports-feed/world-cup-2026,mock_seeded_not_official
KXWCGAME-26JUN24SUICAN,2026-06-24T18:00:00Z,news,mock historical sports feed,analytics_provider,0.70,Fixture hydrated by mock historical feed for Switzerland vs Canada.,local://mock-historical-sports-feed/world-cup-2026,mock_seeded_not_official
KXWCGAME-26JUN24SUICAN,2026-06-24T18:00:00Z,weather,mock historical sports feed,analytics_provider,0.70,"Mock pre-match weather snapshot: playable conditions, no severe weather flag.",local://mock-historical-sports-feed/world-cup-2026,mock_seeded_not_official
KXWCGAME-26JUN24SUICAN,2026-06-24T18:00:00Z,injury,mock historical sports feed,analytics_provider,0.70,Mock squad availability snapshot: no confirmed high-impact absence in local feed.,local://mock-historical-sports-feed/world-cup-2026,mock_seeded_not_official
KXWCGAME-26JUN24SUICAN,2026-06-24T18:00:00Z,lineup,mock historical sports feed,analytics_provider,0.70,Mock lineup matrix seeded one hour before kickoff for replay validation only.,local://mock-historical-sports-feed/world-cup-2026,mock_seeded_not_official
KXWCGAME-26JUN25CUWCIV,2026-06-25T18:00:00Z,news,mock historical sports feed,analytics_provider,0.70,Fixture hydrated by mock historical feed for Curacao vs Ivory Coast.,local://mock-historical-sports-feed/world-cup-2026,mock_seeded_not_official
KXWCGAME-26JUN25CUWCIV,2026-06-25T18:00:00Z,weather,mock historical sports feed,analytics_provider,0.70,"Mock pre-match weather snapshot: playable conditions, no severe weather flag.",local://mock-historical-sports-feed/world-cup-2026,mock_seeded_not_official
KXWCGAME-26JUN25CUWCIV,2026-06-25T18:00:00Z,injury,mock historical sports feed,analytics_provider,0.70,Mock squad availability snapshot: no confirmed high-impact absence in local feed.,local://mock-historical-sports-feed/world-cup-2026,mock_seeded_not_official
KXWCGAME-26JUN25CUWCIV,2026-06-25T18:00:00Z,lineup,mock historical sports feed,analytics_provider,0.70,Mock lineup matrix seeded one hour before kickoff for replay validation only.,local://mock-historical-sports-feed/world-cup-2026,mock_seeded_not_official
KXWCGAME-26JUN25ECUGER,2026-06-25T19:00:00Z,news,mock historical sports feed,analytics_provider,0.70,Fixture hydrated by mock historical feed for Ecuador vs Germany.,local://mock-historical-sports-feed/world-cup-2026,mock_seeded_not_official
KXWCGAME-26JUN25ECUGER,2026-06-25T19:00:00Z,weather,mock historical sports feed,analytics_provider,0.70,"Mock pre-match weather snapshot: playable conditions, no severe weather flag.",local://mock-historical-sports-feed/world-cup-2026,mock_seeded_not_official
KXWCGAME-26JUN25ECUGER,2026-06-25T19:00:00Z,injury,mock historical sports feed,analytics_provider,0.70,Mock squad availability snapshot: no confirmed high-impact absence in local feed.,local://mock-historical-sports-feed/world-cup-2026,mock_seeded_not_official
KXWCGAME-26JUN25ECUGER,2026-06-25T19:00:00Z,lineup,mock historical sports feed,analytics_provider,0.70,Mock lineup matrix seeded one hour before kickoff for replay validation only.,local://mock-historical-sports-feed/world-cup-2026,mock_seeded_not_official
KXWCGAME-26JUN25JPNSWE,2026-06-25T21:00:00Z,news,mock historical sports feed,analytics_provider,0.70,Fixture hydrated by mock historical feed for Japan vs Sweden.,local://mock-historical-sports-feed/world-cup-2026,mock_seeded_not_official
KXWCGAME-26JUN25JPNSWE,2026-06-25T21:00:00Z,weather,mock historical sports feed,analytics_provider,0.70,"Mock pre-match weather snapshot: playable conditions, no severe weather flag.",local://mock-historical-sports-feed/world-cup-2026,mock_seeded_not_official
KXWCGAME-26JUN25JPNSWE,2026-06-25T21:00:00Z,injury,mock historical sports feed,analytics_provider,0.70,Mock squad availability snapshot: no confirmed high-impact absence in local feed.,local://mock-historical-sports-feed/world-cup-2026,mock_seeded_not_official
KXWCGAME-26JUN25JPNSWE,2026-06-25T21:00:00Z,lineup,mock historical sports feed,analytics_provider,0.70,Mock lineup matrix seeded one hour before kickoff for replay validation only.,local://mock-historical-sports-feed/world-cup-2026,mock_seeded_not_official
KXWCGAME-26JUN25PARAUS,2026-06-26T00:00:00Z,news,mock historical sports feed,analytics_provider,0.70,Fixture hydrated by mock historical feed for Paraguay vs Australia.,local://mock-historical-sports-feed/world-cup-2026,mock_seeded_not_official
KXWCGAME-26JUN25PARAUS,2026-06-26T00:00:00Z,weather,mock historical sports feed,analytics_provider,0.70,"Mock pre-match weather snapshot: playable conditions, no severe weather flag.",local://mock-historical-sports-feed/world-cup-2026,mock_seeded_not_official
KXWCGAME-26JUN25PARAUS,2026-06-26T00:00:00Z,injury,mock historical sports feed,analytics_provider,0.70,Mock squad availability snapshot: no confirmed high-impact absence in local feed.,local://mock-historical-sports-feed/world-cup-2026,mock_seeded_not_official
KXWCGAME-26JUN25PARAUS,2026-06-26T00:00:00Z,lineup,mock historical sports feed,analytics_provider,0.70,Mock lineup matrix seeded one hour before kickoff for replay validation only.,local://mock-historical-sports-feed/world-cup-2026,mock_seeded_not_official
KXWCGAME-26JUN25TUNNED,2026-06-25T21:00:00Z,news,mock historical sports feed,analytics_provider,0.70,Fixture hydrated by mock historical feed for Tunisia vs Netherlands.,local://mock-historical-sports-feed/world-cup-2026,mock_seeded_not_official
KXWCGAME-26JUN25TUNNED,2026-06-25T21:00:00Z,weather,mock historical sports feed,analytics_provider,0.70,"Mock pre-match weather snapshot: playable conditions, no severe weather flag.",local://mock-historical-sports-feed/world-cup-2026,mock_seeded_not_official
KXWCGAME-26JUN25TUNNED,2026-06-25T21:00:00Z,injury,mock historical sports feed,analytics_provider,0.70,Mock squad availability snapshot: no confirmed high-impact absence in local feed.,local://mock-historical-sports-feed/world-cup-2026,mock_seeded_not_official
KXWCGAME-26JUN25TUNNED,2026-06-25T21:00:00Z,lineup,mock historical sports feed,analytics_provider,0.70,Mock lineup matrix seeded one hour before kickoff for replay validation only.,local://mock-historical-sports-feed/world-cup-2026,mock_seeded_not_official
KXWCGAME-26JUN25TURUSA,2026-06-26T01:00:00Z,news,mock historical sports feed,analytics_provider,0.70,Fixture hydrated by mock historical feed for Turkiye vs USA.,local://mock-historical-sports-feed/world-cup-2026,mock_seeded_not_official
KXWCGAME-26JUN25TURUSA,2026-06-26T01:00:00Z,weather,mock historical sports feed,analytics_provider,0.70,"Mock pre-match weather snapshot: playable conditions, no severe weather flag.",local://mock-historical-sports-feed/world-cup-2026,mock_seeded_not_official
KXWCGAME-26JUN25TURUSA,2026-06-26T01:00:00Z,injury,mock historical sports feed,analytics_provider,0.70,Mock squad availability snapshot: no confirmed high-impact absence in local feed.,local://mock-historical-sports-feed/world-cup-2026,mock_seeded_not_official
KXWCGAME-26JUN25TURUSA,2026-06-26T01:00:00Z,lineup,mock historical sports feed,analytics_provider,0.70,Mock lineup matrix seeded one hour before kickoff for replay validation only.,local://mock-historical-sports-feed/world-cup-2026,mock_seeded_not_official
KXWCGAME-26JUN26CPVKSA,2026-06-26T22:00:00Z,news,mock historical sports feed,analytics_provider,0.70,Fixture hydrated by mock historical feed for Cape Verde vs Saudi Arabia.,local://mock-historical-sports-feed/world-cup-2026,mock_seeded_not_official
KXWCGAME-26JUN26CPVKSA,2026-06-26T22:00:00Z,weather,mock historical sports feed,analytics_provider,0.70,"Mock pre-match weather snapshot: playable conditions, no severe weather flag.",local://mock-historical-sports-feed/world-cup-2026,mock_seeded_not_official
KXWCGAME-26JUN26CPVKSA,2026-06-26T22:00:00Z,injury,mock historical sports feed,analytics_provider,0.70,Mock squad availability snapshot: no confirmed high-impact absence in local feed.,local://mock-historical-sports-feed/world-cup-2026,mock_seeded_not_official
KXWCGAME-26JUN26CPVKSA,2026-06-26T22:00:00Z,lineup,mock historical sports feed,analytics_provider,0.70,Mock lineup matrix seeded one hour before kickoff for replay validation only.,local://mock-historical-sports-feed/world-cup-2026,mock_seeded_not_official
KXWCGAME-26JUN26EGYIRI,2026-06-27T02:00:00Z,news,mock historical sports feed,analytics_provider,0.70,Fixture hydrated by mock historical feed for Egypt vs IR Iran.,local://mock-historical-sports-feed/world-cup-2026,mock_seeded_not_official
KXWCGAME-26JUN26EGYIRI,2026-06-27T02:00:00Z,weather,mock historical sports feed,analytics_provider,0.70,"Mock pre-match weather snapshot: playable conditions, no severe weather flag.",local://mock-historical-sports-feed/world-cup-2026,mock_seeded_not_official
KXWCGAME-26JUN26EGYIRI,2026-06-27T02:00:00Z,injury,mock historical sports feed,analytics_provider,0.70,Mock squad availability snapshot: no confirmed high-impact absence in local feed.,local://mock-historical-sports-feed/world-cup-2026,mock_seeded_not_official
KXWCGAME-26JUN26EGYIRI,2026-06-27T02:00:00Z,lineup,mock historical sports feed,analytics_provider,0.70,Mock lineup matrix seeded one hour before kickoff for replay validation only.,local://mock-historical-sports-feed/world-cup-2026,mock_seeded_not_official
KXWCGAME-26JUN26NORFRA,2026-06-26T18:00:00Z,news,mock historical sports feed,analytics_provider,0.70,Fixture hydrated by mock historical feed for Norway vs France.,local://mock-historical-sports-feed/world-cup-2026,mock_seeded_not_official
KXWCGAME-26JUN26NORFRA,2026-06-26T18:00:00Z,weather,mock historical sports feed,analytics_provider,0.70,"Mock pre-match weather snapshot: playable conditions, no severe weather flag.",local://mock-historical-sports-feed/world-cup-2026,mock_seeded_not_official
KXWCGAME-26JUN26NORFRA,2026-06-26T18:00:00Z,injury,mock historical sports feed,analytics_provider,0.70,Mock squad availability snapshot: no confirmed high-impact absence in local feed.,local://mock-historical-sports-feed/world-cup-2026,mock_seeded_not_official
KXWCGAME-26JUN26NORFRA,2026-06-26T18:00:00Z,lineup,mock historical sports feed,analytics_provider,0.70,Mock lineup matrix seeded one hour before kickoff for replay validation only.,local://mock-historical-sports-feed/world-cup-2026,mock_seeded_not_official
KXWCGAME-26JUN26NZLBEL,2026-06-27T01:00:00Z,news,mock historical sports feed,analytics_provider,0.70,Fixture hydrated by mock historical feed for New Zealand vs Belgium.,local://mock-historical-sports-feed/world-cup-2026,mock_seeded_not_official
KXWCGAME-26JUN26NZLBEL,2026-06-27T01:00:00Z,weather,mock historical sports feed,analytics_provider,0.70,"Mock pre-match weather snapshot: playable conditions, no severe weather flag.",local://mock-historical-sports-feed/world-cup-2026,mock_seeded_not_official
KXWCGAME-26JUN26NZLBEL,2026-06-27T01:00:00Z,injury,mock historical sports feed,analytics_provider,0.70,Mock squad availability snapshot: no confirmed high-impact absence in local feed.,local://mock-historical-sports-feed/world-cup-2026,mock_seeded_not_official
KXWCGAME-26JUN26NZLBEL,2026-06-27T01:00:00Z,lineup,mock historical sports feed,analytics_provider,0.70,Mock lineup matrix seeded one hour before kickoff for replay validation only.,local://mock-historical-sports-feed/world-cup-2026,mock_seeded_not_official
KXWCGAME-26JUN26SENIRQ,2026-06-26T18:00:00Z,news,mock historical sports feed,analytics_provider,0.70,Fixture hydrated by mock historical feed for Senegal vs Iraq.,local://mock-historical-sports-feed/world-cup-2026,mock_seeded_not_official
KXWCGAME-26JUN26SENIRQ,2026-06-26T18:00:00Z,weather,mock historical sports feed,analytics_provider,0.70,"Mock pre-match weather snapshot: playable conditions, no severe weather flag.",local://mock-historical-sports-feed/world-cup-2026,mock_seeded_not_official
KXWCGAME-26JUN26SENIRQ,2026-06-26T18:00:00Z,injury,mock historical sports feed,analytics_provider,0.70,Mock squad availability snapshot: no confirmed high-impact absence in local feed.,local://mock-historical-sports-feed/world-cup-2026,mock_seeded_not_official
KXWCGAME-26JUN26SENIRQ,2026-06-26T18:00:00Z,lineup,mock historical sports feed,analytics_provider,0.70,Mock lineup matrix seeded one hour before kickoff for replay validation only.,local://mock-historical-sports-feed/world-cup-2026,mock_seeded_not_official
KXWCGAME-26JUN26URUESP,2026-06-26T23:00:00Z,news,mock historical sports feed,analytics_provider,0.70,Fixture hydrated by mock historical feed for Uruguay vs Spain.,local://mock-historical-sports-feed/world-cup-2026,mock_seeded_not_official
KXWCGAME-26JUN26URUESP,2026-06-26T23:00:00Z,weather,mock historical sports feed,analytics_provider,0.70,"Mock pre-match weather snapshot: playable conditions, no severe weather flag.",local://mock-historical-sports-feed/world-cup-2026,mock_seeded_not_official
KXWCGAME-26JUN26URUESP,2026-06-26T23:00:00Z,injury,mock historical sports feed,analytics_provider,0.70,Mock squad availability snapshot: no confirmed high-impact absence in local feed.,local://mock-historical-sports-feed/world-cup-2026,mock_seeded_not_official
KXWCGAME-26JUN26URUESP,2026-06-26T23:00:00Z,lineup,mock historical sports feed,analytics_provider,0.70,Mock lineup matrix seeded one hour before kickoff for replay validation only.,local://mock-historical-sports-feed/world-cup-2026,mock_seeded_not_official
KXWCGAME-26JUN27CODUZB,2026-06-27T22:00:00Z,news,mock historical sports feed,analytics_provider,0.70,Fixture hydrated by mock historical feed for Congo DR vs Uzbekistan.,local://mock-historical-sports-feed/world-cup-2026,mock_seeded_not_official
KXWCGAME-26JUN27CODUZB,2026-06-27T22:00:00Z,weather,mock historical sports feed,analytics_provider,0.70,"Mock pre-match weather snapshot: playable conditions, no severe weather flag.",local://mock-historical-sports-feed/world-cup-2026,mock_seeded_not_official
KXWCGAME-26JUN27CODUZB,2026-06-27T22:00:00Z,injury,mock historical sports feed,analytics_provider,0.70,Mock squad availability snapshot: no confirmed high-impact absence in local feed.,local://mock-historical-sports-feed/world-cup-2026,mock_seeded_not_official
KXWCGAME-26JUN27CODUZB,2026-06-27T22:00:00Z,lineup,mock historical sports feed,analytics_provider,0.70,Mock lineup matrix seeded one hour before kickoff for replay validation only.,local://mock-historical-sports-feed/world-cup-2026,mock_seeded_not_official
KXWCGAME-26JUN27COLPOR,2026-06-27T22:00:00Z,news,mock historical sports feed,analytics_provider,0.70,Fixture hydrated by mock historical feed for Colombia vs Portugal.,local://mock-historical-sports-feed/world-cup-2026,mock_seeded_not_official
KXWCGAME-26JUN27COLPOR,2026-06-27T22:00:00Z,weather,mock historical sports feed,analytics_provider,0.70,"Mock pre-match weather snapshot: playable conditions, no severe weather flag.",local://mock-historical-sports-feed/world-cup-2026,mock_seeded_not_official
KXWCGAME-26JUN27COLPOR,2026-06-27T22:00:00Z,injury,mock historical sports feed,analytics_provider,0.70,Mock squad availability snapshot: no confirmed high-impact absence in local feed.,local://mock-historical-sports-feed/world-cup-2026,mock_seeded_not_official
KXWCGAME-26JUN27COLPOR,2026-06-27T22:00:00Z,lineup,mock historical sports feed,analytics_provider,0.70,Mock lineup matrix seeded one hour before kickoff for replay validation only.,local://mock-historical-sports-feed/world-cup-2026,mock_seeded_not_official
KXWCGAME-26JUN27CROGHA,2026-06-27T19:00:00Z,news,mock historical sports feed,analytics_provider,0.70,Fixture hydrated by mock historical feed for Croatia vs Ghana.,local://mock-historical-sports-feed/world-cup-2026,mock_seeded_not_official
KXWCGAME-26JUN27CROGHA,2026-06-27T19:00:00Z,weather,mock historical sports feed,analytics_provider,0.70,"Mock pre-match weather snapshot: playable conditions, no severe weather flag.",local://mock-historical-sports-feed/world-cup-2026,mock_seeded_not_official
KXWCGAME-26JUN27CROGHA,2026-06-27T19:00:00Z,injury,mock historical sports feed,analytics_provider,0.70,Mock squad availability snapshot: no confirmed high-impact absence in local feed.,local://mock-historical-sports-feed/world-cup-2026,mock_seeded_not_official
KXWCGAME-26JUN27CROGHA,2026-06-27T19:00:00Z,lineup,mock historical sports feed,analytics_provider,0.70,Mock lineup matrix seeded one hour before kickoff for replay validation only.,local://mock-historical-sports-feed/world-cup-2026,mock_seeded_not_official
KXWCGAME-26JUN27DZAAUT,2026-06-28T00:00:00Z,news,mock historical sports feed,analytics_provider,0.70,Fixture hydrated by mock historical feed for Algeria vs Austria.,local://mock-historical-sports-feed/world-cup-2026,mock_seeded_not_official
KXWCGAME-26JUN27DZAAUT,2026-06-28T00:00:00Z,weather,mock historical sports feed,analytics_provider,0.70,"Mock pre-match weather snapshot: playable conditions, no severe weather flag.",local://mock-historical-sports-feed/world-cup-2026,mock_seeded_not_official
KXWCGAME-26JUN27DZAAUT,2026-06-28T00:00:00Z,injury,mock historical sports feed,analytics_provider,0.70,Mock squad availability snapshot: no confirmed high-impact absence in local feed.,local://mock-historical-sports-feed/world-cup-2026,mock_seeded_not_official
KXWCGAME-26JUN27DZAAUT,2026-06-28T00:00:00Z,lineup,mock historical sports feed,analytics_provider,0.70,Mock lineup matrix seeded one hour before kickoff for replay validation only.,local://mock-historical-sports-feed/world-cup-2026,mock_seeded_not_official
KXWCGAME-26JUN27JORARG,2026-06-28T00:00:00Z,news,mock historical sports feed,analytics_provider,0.70,Fixture hydrated by mock historical feed for Jordan vs Argentina.,local://mock-historical-sports-feed/world-cup-2026,mock_seeded_not_official
KXWCGAME-26JUN27JORARG,2026-06-28T00:00:00Z,weather,mock historical sports feed,analytics_provider,0.70,"Mock pre-match weather snapshot: playable conditions, no severe weather flag.",local://mock-historical-sports-feed/world-cup-2026,mock_seeded_not_official
KXWCGAME-26JUN27JORARG,2026-06-28T00:00:00Z,injury,mock historical sports feed,analytics_provider,0.70,Mock squad availability snapshot: no confirmed high-impact absence in local feed.,local://mock-historical-sports-feed/world-cup-2026,mock_seeded_not_official
KXWCGAME-26JUN27JORARG,2026-06-28T00:00:00Z,lineup,mock historical sports feed,analytics_provider,0.70,Mock lineup matrix seeded one hour before kickoff for replay validation only.,local://mock-historical-sports-feed/world-cup-2026,mock_seeded_not_official
KXWCGAME-26JUN27PANENG,2026-06-27T19:00:00Z,news,mock historical sports feed,analytics_provider,0.70,Fixture hydrated by mock historical feed for Panama vs England.,local://mock-historical-sports-feed/world-cup-2026,mock_seeded_not_official
KXWCGAME-26JUN27PANENG,2026-06-27T19:00:00Z,weather,mock historical sports feed,analytics_provider,0.70,"Mock pre-match weather snapshot: playable conditions, no severe weather flag.",local://mock-historical-sports-feed/world-cup-2026,mock_seeded_not_official
KXWCGAME-26JUN27PANENG,2026-06-27T19:00:00Z,injury,mock historical sports feed,analytics_provider,0.70,Mock squad availability snapshot: no confirmed high-impact absence in local feed.,local://mock-historical-sports-feed/world-cup-2026,mock_seeded_not_official
KXWCGAME-26JUN27PANENG,2026-06-27T19:00:00Z,lineup,mock historical sports feed,analytics_provider,0.70,Mock lineup matrix seeded one hour before kickoff for replay validation only.,local://mock-historical-sports-feed/world-cup-2026,mock_seeded_not_official
KXWCGAME-26JUN28RSACAN,2026-06-28T17:00:00Z,news,mock historical sports feed,analytics_provider,0.70,Fixture hydrated by mock historical feed for South Africa vs Canada.,local://mock-historical-sports-feed/world-cup-2026,mock_seeded_not_official
KXWCGAME-26JUN28RSACAN,2026-06-28T17:00:00Z,weather,mock historical sports feed,analytics_provider,0.70,"Mock pre-match weather snapshot: playable conditions, no severe weather flag.",local://mock-historical-sports-feed/world-cup-2026,mock_seeded_not_official
KXWCGAME-26JUN28RSACAN,2026-06-28T17:00:00Z,injury,mock historical sports feed,analytics_provider,0.70,Mock squad availability snapshot: no confirmed high-impact absence in local feed.,local://mock-historical-sports-feed/world-cup-2026,mock_seeded_not_official
KXWCGAME-26JUN28RSACAN,2026-06-28T17:00:00Z,lineup,mock historical sports feed,analytics_provider,0.70,Mock lineup matrix seeded one hour before kickoff for replay validation only.,local://mock-historical-sports-feed/world-cup-2026,mock_seeded_not_official
